nodes,edges,bucket_length,bucket_num,mem_size,iters,total_msg,activated_nodes,msg_per_iter,time_per_iter
7716,11410810,7,105,5,1,0,0,"[0]","[0]"
7716,11410810,7,105,5,1,0,0,"[0]","[0]"
7716,11410810,7,105,5,1,0,0,"[0]","[0]"
7716,11410810,7,105,5,1,0,0,"[0]","[0]"
7716,11410810,7,105,5,7,3730,2989,"[2989, 529, 135, 56, 17, 3, 1]","[40, 12, 6, 3, 1, 0, 0]"
7716,11410810,7,105,5,9,3781,3015,"[3015, 536, 140, 56, 11, 7, 3, 3, 10]","[41, 12, 6, 3, 0, 0, 0, 0, 1]"
7716,11410810,7,105,5,9,3810,3050,"[3050, 543, 139, 47, 11, 5, 2, 3, 10]","[39, 12, 5, 3, 0, 0, 0, 0, 1]"
7716,11410810,7,105,5,8,3907,3094,"[3094, 564, 149, 62, 15, 12, 10, 1]","[41, 14, 6, 3, 0, 1, 1, 0]"
7716,11410810,7,105,5,8,3970,3133,"[3133, 573, 162, 65, 16, 18, 2, 1]","[42, 14, 7, 4, 1, 2, 0, 0]"
7716,11410810,7,105,5,6,3986,3155,"[3155, 578, 158, 62, 18, 15]","[42, 13, 7, 4, 1, 2]"
7716,11410810,7,105,5,7,3981,3165,"[3165, 574, 155, 56, 16, 14, 1]","[42, 14, 7, 3, 0, 2, 0]"
7716,11410810,7,105,5,9,4012,3167,"[3167, 578, 153, 59, 29, 8, 5, 3, 10]","[43, 12, 6, 3, 2, 0, 0, 0, 1]"
7716,11410810,7,105,5,7,4013,3188,"[3188, 580, 155, 57, 26, 6, 1]","[44, 14, 7, 4, 3, 0, 0]"
7716,11410810,7,105,5,9,4031,3207,"[3207, 584, 149, 57, 23, 5, 3, 1, 2]","[44, 13, 6, 4, 2, 0, 0, 0, 0]"
7716,11410810,7,105,5,8,4090,3241,"[3241, 589, 153, 64, 30, 8, 3, 2]","[44, 13, 6, 3, 3, 0, 0, 0]"
7716,11410810,7,105,5,11,4110,3260,"[3260, 595, 156, 61, 23, 5, 4, 1, 2, 1, 2]","[46, 15, 7, 4, 2, 0, 0, 0, 0, 0, 0]"
7716,11410810,7,105,5,11,4155,3293,"[3293, 594, 150, 65, 23, 8, 9, 8, 2, 1, 2]","[48, 15, 7, 4, 2, 0, 1, 1, 0, 0, 0]"
7716,11410810,7,105,5,11,4149,3285,"[3285, 588, 156, 63, 29, 17, 4, 3, 1, 2, 1]","[47, 15, 7, 4, 2, 2, 0, 0, 0, 0, 0]"
7716,11410810,7,105,5,9,4200,3313,"[3313, 601, 158, 66, 33, 12, 13, 3, 1]","[47, 15, 7, 4, 2, 1, 2, 0, 0]"
7716,11410810,7,105,5,9,4229,3350,"[3350, 602, 158, 67, 25, 11, 13, 2, 1]","[48, 15, 7, 4, 2, 1, 2, 0, 0]"
7716,11410810,7,105,5,9,4245,3371,"[3371, 602, 155, 67, 23, 11, 13, 2, 1]","[50, 15, 7, 4, 2, 1, 2, 0, 0]"
7716,11410810,7,105,5,9,4296,3410,"[3410, 608, 163, 65, 21, 9, 7, 12, 1]","[49, 15, 7, 4, 2, 0, 0, 2, 0]"
7716,11410810,7,105,5,9,4311,3434,"[3434, 614, 170, 54, 16, 5, 5, 12, 1]","[52, 17, 8, 4, 1, 0, 0, 2, 0]"
7716,11410810,7,105,5,8,4339,3465,"[3465, 619, 168, 52, 13, 3, 6, 13]","[51, 15, 7, 3, 0, 0, 0, 2]"
7716,11410810,7,105,5,8,4353,3469,"[3469, 628, 167, 57, 12, 7, 12, 1]","[53, 16, 7, 3, 1, 0, 2, 0]"
7716,11410810,7,105,5,10,4403,3501,"[3501, 639, 168, 56, 20, 11, 3, 3, 1, 1]","[53, 17, 8, 4, 2, 1, 0, 0, 0, 0]"
7716,11410810,7,105,5,8,4420,3519,"[3519, 636, 167, 59, 24, 12, 2, 1]","[54, 18, 8, 4, 2, 1, 0, 0]"
7716,11410810,7,105,5,9,4463,3549,"[3549, 641, 169, 60, 23, 14, 4, 1, 2]","[54, 17, 9, 4, 1, 2, 0, 0, 0]"
7716,11410810,7,105,5,9,4490,3568,"[3568, 644, 177, 60, 20, 15, 3, 1, 2]","[55, 17, 8, 4, 1, 2, 0, 0, 0]"
7716,11410810,7,105,5,7,4496,3579,"[3579, 645, 177, 60, 21, 13, 1]","[57, 18, 8, 4, 2, 2, 0]"
7716,11410810,7,105,5,6,4510,3593,"[3593, 648, 178, 61, 20, 10]","[59, 17, 8, 4, 1, 1]"
7716,11410810,7,105,5,6,4547,3625,"[3625, 652, 183, 59, 19, 9]","[57, 18, 9, 4, 1, 1]"
7716,11410810,7,105,5,6,4574,3657,"[3657, 653, 181, 58, 17, 8]","[58, 18, 9, 4, 1, 1]"
7716,11410810,7,105,5,6,4585,3665,"[3665, 653, 177, 60, 17, 13]","[61, 18, 8, 4, 1, 2]"
7716,11410810,7,105,5,7,4610,3675,"[3675, 652, 177, 67, 26, 9, 4]","[57, 18, 9, 5, 3, 2, 1]"
7716,11410810,7,105,5,7,4624,3693,"[3693, 655, 181, 64, 26, 4, 1]","[60, 18, 9, 4, 3, 0, 0]"
7716,11410810,7,105,5,8,4697,3741,"[3741, 670, 178, 69, 23, 4, 7, 5]","[60, 18, 8, 4, 2, 0, 1, 1]"
7716,11410810,7,105,5,8,4733,3775,"[3775, 677, 178, 66, 21, 4, 7, 5]","[64, 19, 8, 4, 2, 0, 1, 1]"
7716,11410810,7,105,5,7,4715,3786,"[3786, 678, 179, 56, 12, 3, 1]","[63, 18, 8, 4, 1, 0, 0]"
7716,11410810,7,105,5,7,4718,3777,"[3777, 689, 175, 60, 13, 3, 1]","[59, 21, 8, 4, 0, 0, 0]"
7716,11410810,7,105,5,7,4741,3783,"[3783, 693, 181, 60, 17, 6, 1]","[61, 19, 8, 4, 1, 0, 0]"
7716,11410810,7,105,5,7,4785,3810,"[3810, 698, 188, 62, 22, 4, 1]","[63, 19, 8, 4, 2, 0, 0]"
7716,11410810,7,105,5,8,4911,3918,"[3918, 707, 194, 67, 20, 3, 1, 1]","[66, 19, 8, 4, 1, 0, 0, 0]"
7716,11410810,7,105,5,8,4960,3937,"[3937, 716, 200, 67, 19, 12, 4, 5]","[65, 21, 10, 5, 1, 2, 0, 0]"
7716,11410810,7,105,5,8,5007,3965,"[3965, 721, 203, 66, 25, 13, 9, 5]","[65, 22, 12, 4, 1, 1, 1, 0]"
7716,11410810,7,105,5,10,5035,3994,"[3994, 718, 203, 67, 26, 15, 4, 4, 3, 1]","[70, 22, 10, 5, 1, 2, 0, 0, 0, 0]"
7716,11410810,7,105,5,7,5088,4043,"[4043, 720, 208, 74, 26, 16, 1]","[69, 24, 12, 6, 1, 3, 0]"
7716,11410810,7,105,5,9,5102,4054,"[4054, 728, 203, 74, 23, 10, 4, 5, 1]","[88, 25, 14, 9, 3, 2, 0, 0, 0]"
7716,11410810,7,105,5,7,5089,4083,"[4083, 718, 192, 69, 18, 7, 2]","[80, 23, 10, 5, 1, 0, 0]"
7716,11410810,7,105,5,7,5124,4098,"[4098, 717, 200, 68, 19, 10, 12]","[71, 22, 11, 5, 1, 1, 3]"
7716,11410810,7,105,5,7,5172,4127,"[4127, 728, 203, 70, 21, 11, 12]","[72, 24, 13, 5, 1, 1, 3]"
7716,11410810,7,105,5,7,5204,4155,"[4155, 733, 206, 72, 19, 8, 11]","[75, 24, 10, 5, 1, 0, 2]"
7716,11410810,7,105,5,7,5229,4185,"[4185, 727, 206, 70, 22, 8, 11]","[79, 23, 11, 7, 1, 1, 3]"
7716,11410810,7,105,5,7,5272,4217,"[4217, 735, 200, 72, 23, 11, 14]","[73, 22, 11, 5, 1, 1, 3]"
7716,11410810,7,105,5,9,5301,4239,"[4239, 743, 204, 70, 22, 8, 13, 1, 1]","[75, 23, 11, 7, 1, 1, 3, 0, 0]"
7716,11410810,7,105,5,9,5330,4273,"[4273, 743, 200, 66, 24, 9, 13, 1, 1]","[78, 23, 10, 5, 1, 0, 2, 0, 0]"
7716,11410810,7,105,5,10,5333,4271,"[4271, 743, 203, 73, 17, 8, 14, 2, 1, 1]","[79, 24, 13, 6, 1, 1, 3, 0, 0, 0]"
7716,11410810,7,105,5,7,5364,4308,"[4308, 747, 205, 67, 21, 15, 1]","[79, 25, 11, 5, 1, 3, 0]"
7716,11410810,7,105,5,5,791,541,"[541, 175, 52, 19, 4]","[10, 6, 3, 2, 0]"
7716,11410810,7,105,5,5,801,544,"[544, 177, 55, 22, 3]","[10, 6, 3, 2, 0]"
7716,11410810,7,105,5,5,799,545,"[545, 176, 54, 21, 3]","[10, 6, 3, 2, 0]"
7716,11410810,7,105,5,5,801,546,"[546, 176, 55, 21, 3]","[11, 6, 3, 2, 0]"
7716,11410810,7,105,5,5,798,543,"[543, 175, 56, 21, 3]","[11, 6, 3, 2, 0]"
7716,11410810,7,105,5,6,5496,4445,"[4445, 764, 199, 72, 14, 2]","[83, 27, 12, 6, 1, 0]"
7716,11410810,7,105,5,8,5569,4488,"[4488, 772, 215, 72, 15, 5, 1, 1]","[88, 25, 12, 8, 1, 0, 0, 0]"
7716,11410810,7,105,5,6,5627,4530,"[4530, 779, 213, 78, 23, 4]","[88, 28, 17, 6, 2, 0]"
7716,11410810,7,105,5,7,5668,4560,"[4560, 774, 219, 81, 26, 6, 2]","[91, 28, 14, 9, 3, 0, 0]"
7716,11410810,7,105,5,7,5697,4586,"[4586, 778, 224, 75, 27, 6, 1]","[97, 28, 14, 7, 3, 0, 0]"
7716,11410810,7,105,5,7,5734,4624,"[4624, 781, 219, 76, 26, 7, 1]","[94, 27, 14, 7, 3, 0, 0]"
7716,11410810,7,105,5,7,5762,4661,"[4661, 784, 216, 68, 24, 8, 1]","[94, 28, 15, 8, 3, 0, 0]"
7716,11410810,7,105,5,7,5809,4692,"[4692, 790, 221, 74, 25, 6, 1]","[96, 26, 13, 10, 3, 0, 0]"
7716,11410810,7,105,5,6,5837,4719,"[4719, 786, 223, 75, 29, 5]","[96, 26, 13, 7, 3, 0]"
7716,11410810,7,105,5,6,5905,4758,"[4758, 800, 229, 80, 29, 9]","[97, 27, 13, 7, 3, 1]"
7716,11410810,7,105,5,6,5938,4795,"[4795, 796, 229, 78, 31, 9]","[99, 30, 15, 8, 4, 1]"
7716,11410810,7,105,5,6,5982,4836,"[4836, 800, 231, 78, 31, 6]","[102, 30, 16, 8, 4, 0]"
7716,11410810,7,105,5,6,5999,4850,"[4850, 806, 230, 74, 32, 7]","[100, 30, 15, 7, 4, 0]"
7716,11410810,7,105,5,6,6059,4893,"[4893, 811, 229, 81, 36, 9]","[106, 29, 14, 7, 4, 0]"
7716,11410810,7,105,5,8,6133,4925,"[4925, 813, 238, 82, 37, 21, 12, 5]","[101, 31, 15, 7, 4, 2, 2, 1]"
7716,11410810,7,105,5,8,6163,4970,"[4970, 813, 235, 80, 30, 20, 13, 2]","[104, 30, 17, 8, 3, 2, 3, 0]"
7716,11410810,7,105,5,8,6209,5012,"[5012, 814, 239, 85, 31, 24, 2, 2]","[128, 36, 17, 9, 3, 5, 0, 0]"
7716,11410810,7,105,5,9,6258,5041,"[5041, 821, 243, 86, 32, 24, 6, 4, 1]","[104, 30, 15, 7, 2, 4, 0, 0, 0]"
7716,11410810,7,105,5,8,6285,5078,"[5078, 826, 233, 81, 32, 24, 5, 6]","[113, 31, 15, 7, 4, 4, 0, 0]"
7716,11410810,7,105,5,9,6315,5112,"[5112, 829, 234, 80, 31, 21, 3, 2, 3]","[110, 33, 16, 8, 4, 4, 0, 0, 0]"
7716,11410810,7,105,5,7,6331,5142,"[5142, 834, 232, 74, 33, 15, 1]","[109, 33, 16, 7, 5, 4, 0]"
7716,11410810,7,105,5,8,6369,5179,"[5179, 834, 232, 83, 31, 7, 2, 1]","[110, 30, 17, 9, 5, 0, 0, 0]"
7716,11410810,7,105,5,8,6411,5215,"[5215, 841, 233, 77, 34, 8, 2, 1]","[114, 31, 16, 7, 4, 0, 0, 0]"
7716,11410810,7,105,5,7,6499,5279,"[5279, 854, 243, 81, 34, 7, 1]","[114, 36, 17, 9, 5, 0, 0]"
7716,11410810,7,105,5,9,6539,5305,"[5305, 858, 241, 84, 27, 16, 4, 3, 1]","[116, 35, 17, 8, 2, 3, 0, 0, 0]"
7716,11410810,7,105,5,8,6575,5329,"[5329, 861, 241, 89, 30, 20, 4, 1]","[118, 33, 15, 9, 2, 4, 0, 0]"
7716,11410810,7,105,5,9,6612,5370,"[5370, 864, 237, 92, 32, 13, 2, 1, 1]","[121, 35, 16, 9, 4, 1, 0, 0, 0]"
7716,11410810,7,105,5,9,6644,5403,"[5403, 860, 234, 95, 36, 12, 2, 1, 1]","[121, 33, 16, 9, 5, 0, 0, 0, 0]"
7716,11410810,7,105,5,7,6674,5443,"[5443, 863, 231, 92, 34, 10, 1]","[128, 37, 17, 10, 5, 0, 0]"
7716,11410810,7,105,5,8,6712,5475,"[5475, 870, 231, 94, 32, 6, 3, 1]","[128, 37, 18, 10, 6, 0, 0, 0]"
7716,11410810,7,105,5,8,6775,5520,"[5520, 871, 238, 95, 37, 9, 4, 1]","[128, 36, 17, 10, 5, 0, 0, 0]"
7716,11410810,7,105,5,7,6804,5540,"[5540, 873, 244, 94, 36, 10, 7]","[133, 37, 17, 11, 6, 0, 0]"
7716,11410810,7,105,5,7,6856,5598,"[5598, 888, 237, 87, 33, 9, 4]","[132, 38, 17, 10, 5, 0, 0]"
7716,11410810,7,105,5,7,6886,5631,"[5631, 897, 232, 84, 31, 7, 4]","[136, 40, 18, 10, 5, 0, 0]"
7716,11410810,7,105,5,8,6985,5676,"[5676, 902, 251, 94, 38, 17, 4, 3]","[137, 40, 18, 11, 6, 3, 0, 0]"
7716,11410810,7,105,5,11,7043,5736,"[5736, 901, 248, 88, 38, 19, 3, 4, 3, 2, 1]","[150, 39, 18, 11, 6, 4, 0, 0, 0, 0, 0]"
7716,11410810,7,105,5,10,6999,5725,"[5725, 877, 242, 86, 37, 15, 5, 7, 3, 2]","[150, 43, 23, 13, 8, 3, 0, 1, 0, 0]"
7716,11410810,7,105,5,10,7075,5775,"[5775, 890, 251, 90, 35, 17, 5, 7, 3, 2]","[153, 43, 19, 12, 7, 5, 1, 1, 0, 1]"
7716,11410810,7,105,5,7,2552,1930,"[1930, 423, 124, 44, 16, 13, 2]","[59, 24, 11, 7, 2, 3, 0]"
7716,11410810,7,105,5,8,2630,1990,"[1990, 430, 118, 46, 26, 11, 5, 4]","[57, 23, 10, 6, 4, 2, 0, 0]"
7716,11410810,7,105,5,7,2613,1998,"[1998, 425, 113, 43, 20, 7, 7]","[58, 23, 11, 6, 4, 0, 0]"
7716,11410810,7,105,5,9,2660,2039,"[2039, 432, 109, 42, 20, 4, 4, 5, 5]","[61, 23, 10, 6, 4, 0, 0, 0, 0]"
]"

, 0, 0]"
0]"
7716,11410810,3,245,5,9,5054,4018,"[4018, 719, 204, 67, 30, 4, 4, 5, 3]","[66, 21, 10, 5, 3, 0, 0, 0, 0]"
7716,11410810,3,245,5,9,5058,4024,"[4024, 720, 203, 66, 29, 4, 4, 5, 3]","[66, 21, 10, 5, 3, 0, 0, 0, 0]"
7716,11410810,3,245,5,10,5099,4054,"[4054, 723, 206, 64, 31, 7, 4, 4, 4, 2]","[68, 22, 11, 5, 3, 0, 0, 0, 0, 0]"
7716,11410810,3,245,5,9,5098,4063,"[4063, 722, 204, 65, 31, 7, 3, 2, 1]","[69, 22, 10, 5, 3, 0, 0, 0, 0]"
7716,11410810,3,245,5,8,5115,4072,"[4072, 730, 211, 67, 25, 6, 3, 1]","[69, 22, 11, 5, 2, 0, 0, 0]"
7716,11410810,3,245,5,8,5141,4086,"[4086, 730, 211, 70, 33, 7, 3, 1]","[70, 22, 11, 5, 4, 0, 0, 0]"
7716,11410810,3,245,5,7,5156,4105,"[4105, 733, 206, 70, 31, 9, 2]","[71, 22, 11, 5, 3, 0, 0]"
7716,11410810,3,245,5,9,5195,4128,"[4128, 732, 211, 71, 24, 9, 6, 8, 6]","[70, 22, 12, 7, 1, 0, 1, 2, 2]"
7716,11410810,3,245,5,9,5176,4107,"[4107, 730, 213, 71, 25, 9, 7, 8, 6]","[71, 24, 11, 5, 1, 0, 0, 1, 1]"
7716,11410810,3,245,5,9,5208,4130,"[4130, 732, 210, 75, 31, 9, 7, 7, 7]","[71, 23, 11, 6, 3, 0, 0, 1, 2]"
7716,11410810,3,245,5,10,5151,4116,"[4116, 730, 198, 69, 24, 5, 2, 3, 3, 1]","[71, 24, 11, 5, 2, 0, 0, 0, 0, 0]"
7716,11410810,3,245,5,7,5144,4123,"[4123, 722, 194, 68, 18, 7, 12]","[72, 25, 10, 5, 1, 0, 3]"
7716,11410810,3,245,5,7,5162,4135,"[4135, 722, 195, 69, 20, 9, 12]","[72, 22, 10, 6, 1, 0, 3]"
7716,11410810,3,245,5,7,5171,4151,"[4151, 717, 196, 65, 21, 9, 12]","[71, 21, 10, 5, 1, 1, 3]"
7716,11410810,3,245,5,7,5203,4168,"[4168, 724, 203, 68, 20, 9, 11]","[72, 22, 11, 5, 1, 1, 3]"
7716,11410810,3,245,5,7,5199,4166,"[4166, 726, 202, 68, 19, 7, 11]","[76, 26, 11, 6, 1, 1, 3]"
7716,11410810,3,245,5,7,5227,4188,"[4188, 727, 203, 70, 20, 8, 11]","[78, 23, 11, 5, 1, 1, 3]"
7716,11410810,3,245,5,7,5234,4191,"[4191, 729, 206, 69, 20, 8, 11]","[74, 22, 10, 5, 1, 1, 3]"
7716,11410810,3,245,5,7,5265,4217,"[4217, 735, 204, 68, 21, 9, 11]","[73, 22, 10, 5, 1, 1, 3]"
7716,11410810,3,245,5,7,5293,4240,"[4240, 738, 205, 69, 22, 8, 11]","[75, 23, 13, 5, 1, 0, 3]"
7716,11410810,3,245,5,7,5295,4242,"[4242, 741, 195, 68, 23, 12, 14]","[76, 23, 11, 5, 1, 1, 3]"
7716,11410810,3,245,5,9,5326,4266,"[4266, 747, 196, 63, 23, 13, 16, 1, 1]","[77, 23, 12, 5, 1, 1, 3, 0, 0]"
7716,11410810,3,245,5,8,5317,4263,"[4263, 743, 194, 66, 21, 14, 15, 1]","[76, 23, 11, 5, 1, 1, 3, 0]"
7716,11410810,3,245,5,8,5358,4291,"[4291, 750, 199, 67, 21, 14, 15, 1]","[79, 24, 11, 5, 1, 1, 3, 0]"
7716,11410810,3,245,5,8,5349,4290,"[4290, 750, 192, 66, 21, 14, 15, 1]","[78, 24, 13, 5, 1, 1, 3, 0]"
7716,11410810,3,245,5,8,5383,4310,"[4310, 756, 200, 68, 22, 14, 12, 1]","[80, 25, 11, 5, 1, 1, 3, 0]"
7716,11410810,3,245,5,8,5373,4303,"[4303, 750, 202, 71, 22, 9, 14, 2]","[81, 24, 12, 6, 1, 1, 3, 0]"
7716,11410810,3,245,5,8,5389,4314,"[4314, 750, 200, 70, 23, 16, 14, 2]","[79, 26, 11, 6, 1, 1, 3, 0]"
7716,11410810,3,245,5,8,5389,4321,"[4321, 749, 197, 68, 20, 16, 16, 2]","[82, 25, 11, 6, 1, 1, 3, 0]"
7716,11410810,3,245,5,8,5393,4323,"[4323, 752, 203, 68, 20, 13, 13, 1]","[80, 26, 12, 6, 1, 1, 3, 0]"
7716,11410810,3,245,5,8,5423,4348,"[4348, 755, 207, 67, 18, 13, 14, 1]","[81, 25, 13, 6, 1, 1, 3, 0]"
7716,11410810,3,245,5,8,5409,4347,"[4347, 751, 205, 66, 16, 9, 14, 1]","[81, 24, 12, 6, 1, 1, 3, 0]"
7716,11410810,3,245,5,8,5457,4370,"[4370, 755, 217, 68, 17, 15, 14, 1]","[84, 25, 15, 6, 1, 1, 3, 0]"
7716,11410810,3,245,5,8,5476,4386,"[4386, 759, 214, 68, 18, 16, 14, 1]","[84, 25, 12, 6, 1, 1, 3, 0]"
7716,11410810,3,245,5,8,5495,4398,"[4398, 762, 218, 72, 17, 13, 14, 1]","[82, 24, 11, 6, 1, 1, 3, 0]"
7716,11410810,3,245,5,6,774,522,"[522, 171, 52, 22, 6, 1]","[11, 8, 3, 2, 0, 0]"
7716,11410810,3,245,5,5,763,517,"[517, 168, 52, 22, 4]","[10, 6, 3, 2, 0]"
7716,11410810,3,245,5,5,770,520,"[520, 168, 55, 23, 4]","[10, 6, 3, 2, 0]"
7716,11410810,3,245,5,5,763,518,"[518, 165, 54, 23, 3]","[10, 6, 3, 2, 0]"
7716,11410810,3,245,5,5,763,518,"[518, 165, 54, 23, 3]","[10, 6, 3, 2, 0]"
7716,11410810,3,245,5,5,786,535,"[535, 173, 54, 21, 3]","[12, 8, 4, 2, 0]"
7716,11410810,3,245,5,5,794,541,"[541, 173, 55, 22, 3]","[11, 6, 3, 2, 0]"
7716,11410810,3,245,5,5,815,557,"[557, 178, 55, 22, 3]","[11, 7, 3, 2, 0]"
7716,11410810,3,245,5,8,5549,4473,"[4473, 772, 210, 70, 14, 4, 4, 2]","[87, 27, 13, 6, 1, 0, 0, 0]"
7716,11410810,3,245,5,6,5560,4492,"[4492, 774, 211, 70, 12, 1]","[86, 26, 13, 6, 0, 0]"
7716,11410810,3,245,5,7,5578,4501,"[4501, 774, 212, 71, 15, 3, 2]","[88, 27, 13, 6, 1, 0, 0]"
7716,11410810,3,245,5,9,5613,4521,"[4521, 777, 212, 75, 18, 6, 2, 1, 1]","[91, 27, 13, 7, 3, 0, 0, 0, 0]"
7716,11410810,3,245,5,8,5644,4548,"[4548, 781, 212, 73, 22, 6, 1, 1]","[89, 28, 13, 7, 3, 0, 0, 0]"
7716,11410810,3,245,5,8,5676,4559,"[4559, 785, 218, 78, 27, 7, 1, 1]","[90, 27, 13, 7, 4, 0, 0, 0]"
7716,11410810,3,245,5,8,5680,4566,"[4566, 783, 221, 76, 26, 6, 1, 1]","[91, 30, 13, 7, 3, 0, 0, 0]"
7716,11410810,3,245,5,8,5712,4585,"[4585, 788, 222, 76, 28, 8, 3, 2]","[93, 28, 17, 7, 3, 0, 0, 0]"
7716,11410810,3,245,5,8,5703,4583,"[4583, 788, 225, 74, 24, 5, 3, 1]","[92, 28, 14, 7, 3, 0, 0, 0]"
7716,11410810,3,245,5,7,5727,4603,"[4603, 789, 221, 77, 27, 8, 2]","[98, 28, 18, 8, 4, 0, 0]"
7716,11410810,3,245,5,6,5723,4614,"[4614, 790, 219, 69, 24, 7]","[98, 29, 16, 11, 5, 1]"
7716,11410810,3,245,5,6,5745,4627,"[4627, 790, 222, 73, 27, 6]","[93, 28, 14, 7, 3, 0]"
7716,11410810,3,245,5,6,5758,4656,"[4656, 793, 217, 68, 19, 5]","[93, 28, 14, 7, 2, 0]"
7716,11410810,3,245,5,6,5762,4664,"[4664, 794, 214, 65, 18, 7]","[96, 29, 14, 6, 1, 0]"
7716,11410810,3,245,5,7,5804,4691,"[4691, 794, 224, 67, 18, 9, 1]","[93, 31, 14, 7, 1, 0, 0]"
7716,11410810,3,245,5,7,5812,4692,"[4692, 796, 230, 68, 16, 9, 1]","[94, 27, 14, 7, 1, 0, 0]"
7716,11410810,3,245,5,7,5842,4712,"[4712, 798, 233, 71, 16, 10, 2]","[95, 28, 14, 7, 1, 0, 0]"
7716,11410810,3,245,5,7,5843,4718,"[4718, 796, 232, 70, 17, 9, 1]","[96, 31, 16, 7, 1, 0, 0]"
7716,11410810,3,245,5,6,5848,4724,"[4724, 797, 228, 73, 17, 9]","[97, 28, 15, 7, 1, 1]"
7716,11410810,3,245,5,6,5883,4747,"[4747, 801, 230, 74, 20, 11]","[99, 31, 15, 7, 1, 1]"
7716,11410810,3,245,5,6,5895,4748,"[4748, 805, 228, 76, 26, 12]","[117, 32, 15, 7, 1, 1]"
7716,11410810,3,245,5,6,5949,4785,"[4785, 811, 233, 84, 27, 9]","[102, 29, 15, 8, 2, 0]"
7716,11410810,3,245,5,6,5934,4789,"[4789, 803, 228, 81, 25, 8]","[100, 29, 15, 8, 1, 0]"
7716,11410810,3,245,5,6,5973,4812,"[4812, 806, 234, 82, 30, 9]","[102, 34, 15, 8, 3, 1]"
7716,11410810,3,245,5,6,5990,4826,"[4826, 806, 236, 85, 31, 6]","[104, 31, 16, 8, 3, 0]"
7716,11410810,3,245,5,6,6019,4847,"[4847, 817, 235, 84, 30, 6]","[102, 30, 15, 9, 3, 0]"
7716,11410810,3,245,5,6,6016,4855,"[4855, 808, 235, 83, 30, 5]","[103, 31, 16, 9, 4, 0]"
7716,11410810,3,245,5,6,6041,4867,"[4867, 811, 236, 82, 38, 7]","[106, 31, 18, 9, 5, 0]"
7716,11410810,3,245,5,6,6027,4874,"[4874, 810, 229, 75, 32, 7]","[105, 30, 15, 9, 4, 0]"
7716,11410810,3,245,5,9,6027,4885,"[4885, 803, 227, 74, 29, 6, 1, 1, 1]","[105, 32, 15, 8, 5, 0, 0, 0, 0]"
7716,11410810,3,245,5,9,6069,4906,"[4906, 808, 226, 80, 38, 8, 1, 1, 1]","[106, 32, 17, 9, 8, 1, 0, 0, 0]"
7716,11410810,3,245,5,9,6060,4904,"[4904, 807, 224, 77, 35, 10, 1, 1, 1]","[107, 32, 15, 8, 5, 0, 0, 0, 0]"
7716,11410810,3,245,5,9,6113,4935,"[4935, 813, 231, 80, 36, 10, 4, 2, 2]","[108, 32, 16, 8, 5, 1, 0, 0, 0]"
7716,11410810,3,245,5,9,6121,4935,"[4935, 814, 234, 80, 41, 11, 3, 2, 1]","[108, 31, 17, 9, 8, 1, 0, 0, 0]"
7716,11410810,3,245,5,11,6146,4957,"[4957, 818, 237, 82, 31, 13, 3, 2, 1, 1, 1]","[109, 32, 16, 8, 2, 1, 0, 0, 0, 0, 0]"
7716,11410810,3,245,5,7,6167,4974,"[4974, 820, 243, 82, 35, 12, 1]","[112, 33, 18, 9, 5, 0, 0]"
7716,11410810,3,245,5,11,6194,4980,"[4980, 816, 244, 83, 35, 28, 3, 2, 1, 1, 1]","[117, 40, 19, 8, 3, 5, 0, 0, 0, 0, 0]"
7716,11410810,3,245,5,8,6217,5005,"[5005, 816, 239, 86, 39, 29, 2, 1]","[110, 32, 17, 9, 4, 5, 0, 0]"
7716,11410810,3,245,5,8,6229,5011,"[5011, 822, 243, 88, 35, 27, 2, 1]","[108, 34, 16, 8, 3, 5, 0, 0]"
7716,11410810,3,245,5,9,6288,5050,"[5050, 831, 243, 90, 38, 27, 5, 3, 1]","[110, 32, 17, 8, 4, 4, 0, 0, 0]"
7716,11410810,3,245,5,9,6284,5054,"[5054, 828, 244, 92, 39, 15, 7, 4, 1]","[111, 33, 16, 8, 5, 1, 0, 0, 0]"
7716,11410810,3,245,5,9,6326,5111,"[5111, 839, 239, 84, 28, 12, 7, 4, 2]","[113, 33, 17, 8, 4, 1, 0, 0, 0]"
7716,11410810,3,245,5,9,6340,5107,"[5107, 832, 239, 88, 31, 18, 19, 5, 1]","[113, 33, 17, 9, 5, 2, 5, 0, 0]"
7716,11410810,3,245,5,9,6353,5123,"[5123, 834, 241, 87, 32, 15, 17, 3, 1]","[111, 33, 17, 9, 6, 2, 4, 0, 0]"
7716,11410810,3,245,5,10,6362,5127,"[5127, 834, 241, 89, 37, 19, 10, 2, 2, 1]","[116, 37, 17, 9, 5, 3, 3, 0, 0, 0]"
7716,11410810,3,245,5,10,6366,5132,"[5132, 837, 242, 88, 36, 16, 10, 2, 2, 1]","[112, 33, 17, 9, 5, 3, 3, 0, 0, 0]"
7716,11410810,3,245,5,9,6366,5156,"[5156, 835, 236, 82, 31, 18, 3, 3, 2]","[116, 33, 17, 9, 5, 4, 0, 0, 0]"
7716,11410810,3,245,5,10,6384,5171,"[5171, 832, 236, 84, 32, 20, 3, 2, 3, 1]","[116, 34, 19, 10, 5, 4, 0, 0, 0, 0]"
7716,11410810,3,245,5,6,6395,5190,"[5190, 835, 238, 86, 28, 18]","[115, 34, 17, 9, 4, 4]"
7716,11410810,3,245,5,6,6396,5194,"[5194, 834, 234, 84, 32, 18]","[115, 34, 17, 8, 5, 4]"
7716,11410810,3,245,5,6,6430,5228,"[5228, 842, 233, 82, 35, 10]","[118, 34, 20, 10, 5, 1]"
7716,11410810,3,245,5,6,6436,5231,"[5231, 848, 232, 86, 34, 5]","[115, 34, 17, 10, 5, 0]"
7716,11410810,3,245,5,7,6479,5265,"[5265, 848, 236, 88, 35, 6, 1]","[119, 36, 17, 9, 5, 0, 0]"
7716,11410810,3,245,5,8,6504,5291,"[5291, 849, 234, 85, 31, 10, 3, 1]","[119, 35, 17, 9, 5, 1, 0, 0]"
7716,11410810,3,245,5,7,6527,5311,"[5311, 852, 237, 87, 32, 7, 1]","[117, 34, 17, 9, 5, 0, 0]"
7716,11410810,3,245,5,9,6575,5333,"[5333, 859, 243, 84, 31, 15, 5, 4, 1]","[143, 36, 17, 10, 5, 3, 0, 0, 0]"
7716,11410810,3,245,5,7,6559,5320,"[5320, 859, 242, 86, 34, 16, 2]","[119, 35, 17, 10, 6, 4, 0]"
7716,11410810,3,245,5,8,6590,5340,"[5340, 866, 242, 87, 33, 15, 6, 1]","[119, 35, 23, 10, 5, 4, 0, 0]"
7716,11410810,3,245,5,8,6622,5357,"[5357, 868, 248, 99, 36, 8, 5, 1]","[127, 36, 18, 11, 5, 2, 0, 0]"
7716,11410810,3,245,5,7,6646,5380,"[5380, 870, 248, 98, 35, 11, 4]","[120, 34, 17, 10, 4, 3, 0]"
7716,11410810,3,245,5,7,6640,5383,"[5383, 872, 246, 93, 37, 5, 4]","[119, 38, 17, 10, 6, 0, 0]"
7716,11410810,3,245,5,8,6669,5402,"[5402, 872, 247, 99, 31, 13, 4, 1]","[132, 36, 18, 11, 5, 2, 0, 0]"
7716,11410810,3,245,5,7,6665,5404,"[5404, 871, 247, 93, 34, 12, 4]","[123, 36, 18, 14, 6, 1, 0]"
7716,11410810,3,245,5,7,6703,5435,"[5435, 873, 248, 97, 36, 12, 2]","[124, 36, 17, 10, 6, 1, 0]"
7716,11410810,3,245,5,9,6682,5443,"[5443, 867, 237, 90, 31, 9, 3, 1, 1]","[123, 36, 17, 10, 5, 0, 0, 0, 0]"
7716,11410810,3,245,5,9,6712,5473,"[5473, 871, 235, 90, 31, 8, 2, 1, 1]","[131, 36, 17, 10, 5, 0, 0, 0, 0]"
7716,11410810,3,245,5,9,6722,5477,"[5477, 869, 238, 90, 35, 9, 2, 1, 1]","[124, 35, 19, 11, 5, 0, 0, 0, 0]"
7716,11410810,3,245,5,9,6746,5493,"[5493, 870, 233, 97, 37, 9, 4, 2, 1]","[124, 35, 16, 10, 5, 0, 0, 0, 0]"
7716,11410810,3,245,5,9,6782,5523,"[5523, 878, 231, 99, 37, 7, 4, 2, 1]","[126, 36, 16, 11, 5, 0, 0, 0, 0]"
7716,11410810,3,245,5,8,6751,5513,"[5513, 871, 227, 97, 33, 6, 3, 1]","[125, 35, 17, 11, 5, 0, 0, 0]"
7716,11410810,3,245,5,8,6820,5549,"[5549, 877, 236, 99, 38, 14, 5, 2]","[126, 39, 18, 10, 5, 1, 0, 0]"
7716,11410810,3,245,5,8,6812,5541,"[5541, 876, 235, 94, 42, 16, 7, 1]","[128, 36, 17, 11, 7, 1, 0, 0]"
7716,11410810,3,245,5,9,6848,5561,"[5561, 889, 246, 93, 38, 12, 7, 1, 1]","[126, 37, 17, 10, 6, 1, 0, 0, 0]"
7716,11410810,3,245,5,7,6857,5579,"[5579, 889, 243, 91, 36, 12, 7]","[129, 37, 18, 11, 7, 1, 1]"
7716,11410810,3,245,5,7,6892,5605,"[5605, 894, 244, 94, 39, 9, 7]","[131, 37, 18, 10, 7, 0, 0]"
7716,11410810,3,245,5,7,6915,5627,"[5627, 894, 245, 94, 38, 10, 7]","[131, 38, 21, 11, 6, 0, 0]"
7716,11410810,3,245,5,7,6902,5619,"[5619, 889, 245, 91, 33, 20, 5]","[135, 38, 18, 11, 5, 5, 0]"
7716,11410810,3,245,5,7,6956,5665,"[5665, 897, 244, 92, 37, 14, 7]","[139, 39, 18, 11, 7, 3, 0]"
7716,11410810,3,245,5,7,6973,5677,"[5677, 904, 245, 98, 37, 7, 5]","[138, 40, 18, 11, 7, 0, 0]"
7716,11410810,3,245,5,8,7039,5710,"[5710, 905, 256, 97, 38, 24, 6, 3]","[141, 40, 19, 12, 7, 6, 0, 0]"
7716,11410810,3,245,5,10,7035,5719,"[5719, 905, 254, 94, 34, 20, 4, 2, 2, 1]","[142, 40, 19, 11, 5, 5, 0, 0, 0, 0]"
7716,11410810,3,245,5,7,7036,5741,"[5741, 908, 248, 91, 33, 11, 4]","[142, 39, 19, 11, 6, 1, 0]"
7716,11410810,3,245,5,10,7087,5774,"[5774, 914, 252, 94, 35, 5, 3, 3, 4, 3]","[137, 40, 22, 11, 6, 0, 0, 0, 0, 0]"
7716,11410810,3,245,5,10,7078,5778,"[5778, 914, 249, 89, 29, 6, 4, 3, 3, 3]","[142, 41, 22, 12, 7, 1, 0, 0, 0, 0]"
7716,11410810,3,245,5,12,7127,5802,"[5802, 916, 259, 92, 35, 9, 3, 4, 3, 2, 1, 1]","[144, 40, 19, 11, 7, 1, 0, 0, 0, 0, 0, 0]"
7716,11410810,3,245,5,11,7111,5803,"[5803, 911, 258, 86, 31, 9, 3, 4, 3, 2, 1]","[144, 41, 20, 15, 6, 1, 0, 0, 0, 0, 0]"
7716,11410810,3,245,5,11,7119,5810,"[5810, 909, 260, 82, 33, 11, 4, 3, 4, 2, 1]","[148, 43, 21, 10, 6, 1, 0, 0, 0, 0, 0]"
7716,11410810,3,245,5,11,7156,5828,"[5828, 914, 263, 86, 36, 15, 3, 3, 4, 3, 1]","[153, 43, 22, 12, 5, 7, 1, 1, 0, 0, 0]"
7716,11410810,3,245,5,11,7154,5857,"[5857, 903, 252, 78, 31, 12, 6, 4, 6, 3, 2]","[153, 43, 20, 10, 6, 4, 0, 0, 0, 0, 0]"
7716,11410810,3,245,5,11,7159,5860,"[5860, 900, 257, 79, 30, 12, 6, 3, 6, 3, 3]","[152, 43, 21, 11, 6, 4, 0, 0, 0, 0, 0]"
7716,11410810,3,245,5,11,7307,5974,"[5974, 920, 259, 93, 39, 16, 2, 1, 1, 1, 1]","[155, 43, 21, 13, 8, 4, 0, 0, 0, 0, 0]"
7716,11410810,3,245,5,7,7428,6064,"[6064, 941, 267, 93, 37, 23, 3]","[159, 45, 24, 12, 8, 6, 0]"
7716,11410810,3,245,5,8,7407,6049,"[6049, 923, 266, 102, 39, 21, 6, 1]","[164, 45, 22, 12, 8, 5, 1, 0]"
7716,11410810,3,245,5,6,1937,1447,"[1447, 326, 90, 44, 23, 7]","[45, 20, 9, 7, 5, 2]"
7716,11410810,3,245,5,7,1931,1448,"[1448, 324, 90, 41, 21, 6, 1]","[46, 20, 9, 6, 3, 2, 0]"
7716,11410810,3,245,5,8,1960,1471,"[1471, 330, 89, 37, 20, 9, 3, 1]","[48, 20, 9, 5, 3, 2, 0, 0]"
7716,11410810,3,245,5,8,1932,1465,"[1465, 327, 79, 35, 17, 5, 3, 1]","[45, 22, 8, 5, 3, 0, 0, 0]"
7716,11410810,3,245,5,8,1955,1472,"[1472, 329, 82, 38, 14, 15, 4, 1]","[23, 10, 5, 4, 1, 2, 0, 0]"
7716,11410810,3,245,5,9,2662,2027,"[2027, 428, 113, 48, 16, 5, 8, 12, 5]","[28, 12, 6, 3, 1, 0, 1, 2, 0]"
7716,11410810,3,245,5,10,2708,2044,"[2044, 436, 120, 53, 23, 8, 4, 7, 11, 2]","[28, 12, 6, 4, 2, 0, 0, 1, 1, 0]"
7716,11410810,3,245,5,10,2712,2053,"[2053, 432, 115, 50, 28, 10, 4, 6, 12, 2]","[39, 16, 7, 4, 3, 1, 0, 1, 2, 0]"
7716,11410810,3,245,5,8,2697,2064,"[2064, 430, 118, 46, 23, 11, 3, 2]","[64, 29, 12, 7, 3, 4, 1, 1]"
